Horodateur,Genre,Êtes vous?,Quelle était votre série en Terminale ?,Quelle a été votre matière préférée au Lycée?,"Si vous êtes étudiant, quel parcours suivez vous? ou 
Si vous êtes un professionnel, dans quelle domaine exercez vous?",Quel(s) Caractère(s) définissent votre personnalité ?,Quels sont vos centres d’intérêts ?,Êtes vous satisfait de votre parcours académique ?,Votre travail actuel est il en adéquation avec votre parcours académique?,Ou avez vous fait vos études supérieurs ?
26/08/2026 12:50:24,,Un Professionnel,C,Mathématique et Physique-Chimie,Education,"Entreprenant : Diriger, Convaincre, Negocier",Football- Enseignement- Lecture.,,,
26/08/2026 12:56:07,,Encore Etudiant,C,"Mathématiques, SVT",Informatique / Technologies de l’Information et de la Communication,"Investigateur : Comprendre, Analyser, Resoudre, Artistique : Creer, Imaginer, S'exprimer, Conventionnel : Organiser, Gerer, Structurer",Domaine de la tech,,,
26/08/2026 12:57:32,,Encore Etudiant,D,Mathematique,Finances et Comptabilité,"Entreprenant : Diriger, Convaincre, Negocier",Develeppement personnel,,,
26/08/2026 12:58:11,,Encore Etudiant,C,"Maths, PC ",Électronique / Systèmes Informatiques,"Realiste : Manipuler, Construire, Reparer, Artistique : Creer, Imaginer, S'exprimer, Entreprenant : Diriger, Convaincre, Negocier",Argents,,,
26/08/2026 12:58:41,,Un Professionnel,TGI,Électrotechnique ,Génie Industriel / Électro-Mécanique Industrielle,"Investigateur : Comprendre, Analyser, Resoudre",Randonnée,,,
26/08/2026 12:59:23,,Un Professionnel,C,"SVT , Physique Chimie, Histo geo ",Intelligence Artificielle,"Social : Prompt à Aider, Enseigner, Accompagner","IA , tech ,lecture dev personnel ",,,
26/08/2026 13:00:21,,Encore Etudiant,D,Science de la vie et de la terre,Finances et Comptabilité,"Entreprenant : Diriger, Convaincre, Negocier",Étude ,,,
26/08/2026 14:44:03,Homme,Encore Etudiant,C,Chimie,Électronique / Systèmes Informatiques,"Realiste : Manipuler, Construire, Reparer, Investigateur : Comprendre, Analyser, Resoudre, Artistique : Creer, Imaginer, S'exprimer, Conventionnel : Organiser, Gerer, Structurer","Karate, Videos Internet, Reseaux Sociaux niches, Meme, Jeux Videos, Jeux de strategie, Connaissances Occultes",4,,ISPM
26/08/2026 13:02:45,,Encore Etudiant,C,Mathématiques ,Informatique / Technologies de l’Information et de la Communication,"Realiste : Manipuler, Construire, Reparer, Investigateur : Comprendre, Analyser, Resoudre",Hiking ,,,
26/08/2026 13:03:23,,Encore Etudiant,D,SVT,"Informatique / Technologies de l’Information et de la Communication, Intelligence Artificielle, Économie et Management de Projet","Realiste : Manipuler, Construire, Reparer, Investigateur : Comprendre, Analyser, Resoudre, Artistique : Creer, Imaginer, S'exprimer, Social : Prompt à Aider, Enseigner, Accompagner, Entreprenant : Diriger, Convaincre, Negocier, Conventionnel : Organiser, Gerer, Structurer","Musique , Football , Manger ...",,,
26/08/2026 13:05:02,,Encore Etudiant,D,Svt ,Génie Civil et Architecture,"Realiste : Manipuler, Construire, Reparer",La réussite ,,,
26/08/2026 13:05:28,,Encore Etudiant,C,Physique ,"Informatique / Technologies de l’Information et de la Communication, Intelligence Artificielle, Électronique / Systèmes Informatiques","Investigateur : Comprendre, Analyser, Resoudre, Conventionnel : Organiser, Gerer, Structurer","Jogging, Littératures scientifiques, Bandes dessinées ",,,
26/08/2026 13:06:23,,Un Professionnel,S,Mathématiques ,Environnement,"Conventionnel : Organiser, Gerer, Structurer",Randonnée ,,,
26/08/2026 13:06:37,,Encore Etudiant,C,Maths,"Intelligence Artificielle, Électronique / Systèmes Informatiques","Realiste : Manipuler, Construire, Reparer","Musculation, crochet",,,
26/08/2026 13:08:24,,Encore Etudiant,D,Mathématique ,"Informatique / Technologies de l’Information et de la Communication, Intelligence Artificielle","Realiste : Manipuler, Construire, Reparer, Investigateur : Comprendre, Analyser, Resoudre, Artistique : Creer, Imaginer, S'exprimer",J'adore tout chose qui permet d'evoluer,,,
26/08/2026 13:09:28,,Encore Etudiant,D,"Mathématiques, physique, philosophie ",Informatique / Technologies de l’Information et de la Communication,"Realiste : Manipuler, Construire, Reparer","Jeux vidéos, kick boxing, chanter , lire des revus scientifiques ",,,
26/08/2026 13:13:41,,Encore Etudiant,D,Maths,Intelligence Artificielle,"Realiste : Manipuler, Construire, Reparer, Entreprenant : Diriger, Convaincre, Negocier",Tout ce qui est multimédia,,,
26/08/2026 13:13:52,,Un Professionnel,D,"Math, Physique et Histo-Géo",Informatique / Technologies de l’Information et de la Communication,"Investigateur : Comprendre, Analyser, Resoudre","Film, jeux Video et musique",,,
26/08/2026 13:14:33,,Encore Etudiant,D,Physique Chimie,Pharmacologie et Industries Pharmaceutiques,"Artistique : Creer, Imaginer, S'exprimer, Conventionnel : Organiser, Gerer, Structurer","Lire , voyager ",,,
26/08/2026 13:14:53,,Encore Etudiant,D,Malagasy,Génie Industriel / Électro-Mécanique Industrielle,"Realiste : Manipuler, Construire, Reparer",Judo,3,,
26/08/2026 13:16:05,,Encore Etudiant,A,Le français ,Droit et Techniques Juridiques des Affaires,"Artistique : Creer, Imaginer, S'exprimer",La lecture ,1,,
26/08/2026 13:16:30,,Encore Etudiant,D,Maths,"Intelligence Artificielle, Électronique / Systèmes Informatiques","Artistique : Creer, Imaginer, S'exprimer","Volley, Karting, peinture, dessin",5,5,
26/08/2026 13:19:02,,Un Professionnel,D,Svt,Agriculture et Élevage,"Social : Prompt à Aider, Enseigner, Accompagner, Entreprenant : Diriger, Convaincre, Negocier, Conventionnel : Organiser, Gerer, Structurer",Boardgames,3,Oui,Ispm
26/08/2026 13:19:18,,Encore Etudiant,D,Malagasy,Industrie Agroalimentaire,"Investigateur : Comprendre, Analyser, Resoudre",Jeux video,3,Non,
26/08/2026 13:20:27,,Un Professionnel,A,Mathématiques,"Finances et Comptabilité, Industrie Agroalimentaire","Entreprenant : Diriger, Convaincre, Negocier, Conventionnel : Organiser, Gerer, Structurer","Jeux vidéos, Bénévolat en association, Randonnées moto",3,,
26/08/2026 13:20:51,,Encore Etudiant,C,Mathématiques ,"Informatique / Technologies de l’Information et de la Communication, Intelligence Artificielle, Économie et Management de Projet, Industrie Agroalimentaire","Investigateur : Comprendre, Analyser, Resoudre",Musique ,2,Non,
26/08/2026 13:21:28,,Un Professionnel,D,Physique Chimie,"Informatique / Technologies de l’Information et de la Communication, Intelligence Artificielle, Électronique / Systèmes Informatiques","Investigateur : Comprendre, Analyser, Resoudre, Social : Prompt à Aider, Enseigner, Accompagner","Jeux vidéo, voyage, documentaire, ...",4,Oui,IESI
26/08/2026 13:24:44,Femme,Encore Etudiant,D,Mathematiques,Informatique / Technologies de l’Information et de la Communication,"Conventionnel : Organiser, Gerer, Structurer","Lecture, randonnée ",3,,Ispm Antsobolo 
26/08/2026 13:26:54,Femme,Encore Etudiant,D, Histoire et géographie ,Droit et Techniques Juridiques des Affaires,"Entreprenant : Diriger, Convaincre, Negocier"," Lire des livres de la 2nde GM, art oratoire ",5,, Inspnmad et ISPM 
26/08/2026 13:27:29,Femme,Encore Etudiant,D,Français ,"Informatique / Technologies de l’Information et de la Communication, Intelligence Artificielle","Realiste : Manipuler, Construire, Reparer, Social : Prompt à Aider, Enseigner, Accompagner",Lire ,3,,ISPM
26/08/2026 13:27:32,Homme,Encore Etudiant,D,Physique,"Informatique / Technologies de l’Information et de la Communication, Intelligence Artificielle","Investigateur : Comprendre, Analyser, Resoudre","Musique, films & séries",4,Oui,ITU
26/08/2026 13:30:18,Femme,Encore Etudiant,D,Matières scientifiques ,"Industries Chimiques, Minières et Pétrolières","Artistique : Creer, Imaginer, S'exprimer, Entreprenant : Diriger, Convaincre, Negocier","Chimie, industrie et environnement
Énergie, pétrole et mines
Sport et musculation
Voyage, aventure et camping
Créativité et activités associatives
Développement personnel",3,Oui,"l’ISPM, en Industrie Chimique des Mines et Pétroliers. "
26/08/2026 13:31:09,Homme,Encore Etudiant,D,Mathématiques et SV,"Intelligence Artificielle, Électronique / Systèmes Informatiques","Artistique : Creer, Imaginer, S'exprimer, Social : Prompt à Aider, Enseigner, Accompagner, Entreprenant : Diriger, Convaincre, Negocier, Conventionnel : Organiser, Gerer, Structurer","Foot, jeux vidéo, film,  dev",3,Non,ISPM
26/08/2026 13:33:15,Homme,Encore Etudiant,C,Physique ,Informatique / Technologies de l’Information et de la Communication,"Realiste : Manipuler, Construire, Reparer",Musique ,2,,
26/08/2026 13:33:19,Homme,Encore Etudiant,C,Mathématiques ,Informatique / Technologies de l’Information et de la Communication,"Realiste : Manipuler, Construire, Reparer, Investigateur : Comprendre, Analyser, Resoudre, Conventionnel : Organiser, Gerer, Structurer",Rien,3,,ISPM
26/08/2026 13:33:37,Homme,Encore Etudiant,S,Science biologie humaine ,Droit et Techniques Juridiques des Affaires,"Social : Prompt à Aider, Enseigner, Accompagner",Téléphone ,4,,ISPM 
26/08/2026 13:34:49,Homme,Un Professionnel,C,Math/PC,"Informatique / Technologies de l’Information et de la Communication, Intelligence Artificielle","Realiste : Manipuler, Construire, Reparer, Investigateur : Comprendre, Analyser, Resoudre",Automobile,4,Oui,ITU
26/08/2026 13:37:03,Homme,Encore Etudiant,C,Maths,Informatique / Technologies de l’Information et de la Communication,"Investigateur : Comprendre, Analyser, Resoudre",F,2,,ITU
26/08/2026 13:37:35,Homme,Encore Etudiant,D,Mathématiques ,"Informatique / Technologies de l’Information et de la Communication, Intelligence Artificielle, Électronique / Systèmes Informatiques","Realiste : Manipuler, Construire, Reparer, Investigateur : Comprendre, Analyser, Resoudre","Musique, Basketball, Football, Tennis de table ",5,Oui,ISPM Antsobo
26/08/2026 13:39:02,Homme,Encore Etudiant,S,Mathématiques ,"Informatique / Technologies de l’Information et de la Communication, Intelligence Artificielle, Électronique / Systèmes Informatiques","Realiste : Manipuler, Construire, Reparer, Investigateur : Comprendre, Analyser, Resoudre, Entreprenant : Diriger, Convaincre, Negocier, Conventionnel : Organiser, Gerer, Structurer","Codage, football, réseau informatique,film",5,Non,Institut Supérieur Polytechnique de Madagascar 
26/08/2026 13:39:38,Homme,Un Professionnel,D,Mathématique ,Informatique / Technologies de l’Information et de la Communication,"Realiste : Manipuler, Construire, Reparer",Coder,3,Non,Oui
26/08/2026 13:48:35,Homme,Encore Etudiant,D,Anglais,Informatique / Technologies de l’Information et de la Communication,"Realiste : Manipuler, Construire, Reparer",Programmation,,,ISPM
26/08/2026 13:50:40,Homme,Encore Etudiant,C,Physique,"Informatique / Technologies de l’Information et de la Communication, Intelligence Artificielle, Électronique / Systèmes Informatiques","Investigateur : Comprendre, Analyser, Resoudre, Conventionnel : Organiser, Gerer, Structurer","Jogging, Littératures scientifiques, Bandes dessinées ",4,Oui,ISPM
26/08/2026 13:52:36,Homme,Un Professionnel,C,Physique,"Informatique / Technologies de l’Information et de la Communication, Intelligence Artificielle, Électronique / Systèmes Informatiques, Commerce et Administration des Affaires, Économie et Management de Projet, Finances et Comptabilité","Realiste : Manipuler, Construire, Reparer, Investigateur : Comprendre, Analyser, Resoudre, Artistique : Creer, Imaginer, S'exprimer, Conventionnel : Organiser, Gerer, Structurer",.,5,Non,iT University
26/08/2026 13:54:51,Femme,Encore Etudiant,D,Mathématiques ,Économie et Management de Projet,"Entreprenant : Diriger, Convaincre, Negocier",Lecture ,5,,ISPM
26/08/2026 13:55:51,Homme,Encore Etudiant,D,Physique-Chimie,Informatique / Technologies de l’Information et de la Communication,"Realiste : Manipuler, Construire, Reparer, Social : Prompt à Aider, Enseigner, Accompagner, Entreprenant : Diriger, Convaincre, Negocier","Les jeux videos, l'apprentissage, la culture, les nouvelles decouvertes, le voyage, tout ce qui permets de se decouvrir sois meme, apprendre en generale ",4,Oui,HEI - Haute Ecole Informatique
26/08/2026 13:58:52,Homme,Encore Etudiant,C,Histoire et géographie ,"Informatique / Technologies de l’Information et de la Communication, Intelligence Artificielle, Électronique / Systèmes Informatiques","Investigateur : Comprendre, Analyser, Resoudre","Loisir entre famille, randonnée, sports",4,Oui,
26/08/2026 14:00:43,Homme,Un Professionnel,C,Mathématiques et Physiques ,"Informatique / Technologies de l’Information et de la Communication, Électronique / Systèmes Informatiques","Realiste : Manipuler, Construire, Reparer, Investigateur : Comprendre, Analyser, Resoudre","Basket, jeux vidéo",4,Oui,IT University 
26/08/2026 14:01:29,Homme,Encore Etudiant,C,Mathématique,Informatique / Technologies de l’Information et de la Communication,"Investigateur : Comprendre, Analyser, Resoudre","La musique, le monde de la technologie, la découverte ",3,,
26/08/2026 14:01:47,Homme,Encore Etudiant,D,Mathématiques ,"Intelligence Artificielle, Électronique / Systèmes Informatiques","Investigateur : Comprendre, Analyser, Resoudre",Gaming,2,,
26/08/2026 14:03:09,Homme,Un Professionnel,D,Mathématiques,Informatique / Technologies de l’Information et de la Communication,"Investigateur : Comprendre, Analyser, Resoudre, Social : Prompt à Aider, Enseigner, Accompagner","Cinéma, bricolage, formation personnelle",5,Oui,Antananarivo Madagascar 
26/08/2026 14:03:26,Homme,Encore Etudiant,L,Mathématiques et physique,Informatique / Technologies de l’Information et de la Communication,"Investigateur : Comprendre, Analyser, Resoudre",Jouer au jeux vidéo ,2,Non,Non
26/08/2026 14:04:46,Homme,Encore Etudiant,D,"Langues, Physique","Informatique / Technologies de l’Information et de la Communication, Intelligence Artificielle, Économie et Management de Projet, Finances et Comptabilité","Realiste : Manipuler, Construire, Reparer","Jeux, Mangas, Sport, Cuisine",3,Oui,ISPM
26/08/2026 14:05:22,Homme,Un Professionnel,C,Math,"Informatique / Technologies de l’Information et de la Communication, Intelligence Artificielle, Électronique / Systèmes Informatiques","Realiste : Manipuler, Construire, Reparer, Investigateur : Comprendre, Analyser, Resoudre, Conventionnel : Organiser, Gerer, Structurer",Gaming,4,Oui,ESPA
26/08/2026 14:06:39,Homme,Encore Etudiant,D,Mathématiques ,Informatique / Technologies de l’Information et de la Communication,"Investigateur : Comprendre, Analyser, Resoudre, Artistique : Creer, Imaginer, S'exprimer","Le basketball, la science et la tech, les échecs et le poker",5,Oui,Haute École d'Informatique 
26/08/2026 14:07:18,Femme,Encore Etudiant,S,"SES(science économique et sociale), Math","Informatique / Technologies de l’Information et de la Communication, Intelligence Artificielle","Artistique : Creer, Imaginer, S'exprimer, Entreprenant : Diriger, Convaincre, Negocier, Conventionnel : Organiser, Gerer, Structurer","Danser, chanter, dessiner ",3,Non,Encore à l'ISPM ( à voir ) 
26/08/2026 14:12:00,Homme,Encore Etudiant,C,Mathematiques,"Informatique / Technologies de l’Information et de la Communication, Intelligence Artificielle","Realiste : Manipuler, Construire, Reparer, Investigateur : Comprendre, Analyser, Resoudre, Social : Prompt à Aider, Enseigner, Accompagner","Jeux Video , Basket ,",4,Oui,oui
26/08/2026 14:12:28,Femme,Encore Etudiant,A,Anglais ,Agriculture et Élevage,"Entreprenant : Diriger, Convaincre, Negocier","Visiter des parcs ou fermes , musique, bénévolat",3,Oui,ISPM
26/08/2026 14:19:14,Homme,Un Professionnel,C,science physique,"Informatique / Technologies de l’Information et de la Communication, medecin veterinaire ","Investigateur : Comprendre, Analyser, Resoudre","coding , jeux video , lire des livres ",5,Non,Faculté de medecine d'Antananarivo
26/08/2026 14:32:42,Homme,Un Professionnel,C,Anglais,Informatique / Technologies de l’Information et de la Communication,"Realiste : Manipuler, Construire, Reparer, Artistique : Creer, Imaginer, S'exprimer",L'anglais et l'enseignement,2,Oui,EMIT Fianarantsoa
26/08/2026 14:35:14,Femme,Un Professionnel,TGI,Organisation,Informatique / Technologies de l’Information et de la Communication,"Artistique : Creer, Imaginer, S'exprimer","chanter, nager, danser",3,Oui,cntemad
26/08/2026 14:37:09,Femme,Encore Etudiant,D,Maths,"Informatique / Technologies de l’Information et de la Communication, Intelligence Artificielle","Investigateur : Comprendre, Analyser, Resoudre, Conventionnel : Organiser, Gerer, Structurer","La musique, la lecture ",3,,
26/08/2026 14:37:51,Homme,Encore Etudiant,D,Math,"Informatique / Technologies de l’Information et de la Communication, Intelligence Artificielle","Artistique : Creer, Imaginer, S'exprimer, Entreprenant : Diriger, Convaincre, Negocier",Musique,2,Oui,un-vak
26/08/2026 14:38:58,Homme,Encore Etudiant,OSE,Français,Hôtellerie,"Realiste : Manipuler, Construire, Reparer",Jeux vidéo ,4,Non,Nul part
26/08/2026 14:41:33,Femme,Encore Etudiant,S,Lycée Mixte Antsiranana ,"Industries Chimiques, Minières et Pétrolières","Investigateur : Comprendre, Analyser, Resoudre, Entreprenant : Diriger, Convaincre, Negocier","Lecture, Film , séries ",4,,
26/08/2026 14:42:52,Femme,Encore Etudiant,D,svt,"Informatique / Technologies de l’Information et de la Communication, Génie Civil et Architecture","Realiste : Manipuler, Construire, Reparer, Artistique : Creer, Imaginer, S'exprimer, Social : Prompt à Aider, Enseigner, Accompagner, Conventionnel : Organiser, Gerer, Structurer",Membre dans des associations culturelles,3,Oui,"ISSIG, EMEDIA, ISPM"
26/08/2026 14:45:13,Femme,Encore Etudiant,D,Philosophie,Intelligence Artificielle,"Investigateur : Comprendre, Analyser, Resoudre",Voyager,,,Oui
26/08/2026 14:47:44,Femme,Un Professionnel,D,SVT,Industrie Agroalimentaire,"Investigateur : Comprendre, Analyser, Resoudre, Social : Prompt à Aider, Enseigner, Accompagner, Entreprenant : Diriger, Convaincre, Negocier, Conventionnel : Organiser, Gerer, Structurer","Beaucoup, mais surtout les réseaux sociaux et la lecture",2,Oui,ISPM
26/08/2026 14:49:01,Homme,Encore Etudiant,C,Mathématiques,"Informatique / Technologies de l’Information et de la Communication, Intelligence Artificielle, Électronique / Systèmes Informatiques","Realiste : Manipuler, Construire, Reparer, Investigateur : Comprendre, Analyser, Resoudre",_—_,5,,ENI Fianarantsoa
26/08/2026 14:52:35,Homme,Encore Etudiant,S,Mathématiques ,Informatique / Technologies de l’Information et de la Communication,"Investigateur : Comprendre, Analyser, Resoudre","Les échecs, l'astrologie et la technologie ",4,,Advancea 
26/08/2026 14:53:35,Homme,Encore Etudiant,C,Aucune,Informatique / Technologies de l’Information et de la Communication,"Investigateur : Comprendre, Analyser, Resoudre","Football, Natation ",5,Oui,
26/08/2026 14:54:07,Femme,Encore Etudiant,D,SVT,Industrie Agroalimentaire,"Artistique : Creer, Imaginer, S'exprimer, Conventionnel : Organiser, Gerer, Structurer","Crochet, macramé, coutures, cuisine, le chant",3,,Institut Supérieur périeur Polytechnique de Madagascar 
26/08/2026 14:55:44,Homme,Encore Etudiant,C,"Mathématique, physique, informatique",Informatique / Technologies de l’Information et de la Communication,"Realiste : Manipuler, Construire, Reparer, Social : Prompt à Aider, Enseigner, Accompagner, Entreprenant : Diriger, Convaincre, Negocier, Conventionnel : Organiser, Gerer, Structurer","Jeu vidéo, anime, programmation",4,,IT University Madagascar
26/08/2026 14:56:42,Homme,Encore Etudiant,D,Physics,"Intelligence Artificielle, Électronique / Systèmes Informatiques","Realiste : Manipuler, Construire, Reparer","Jeux Video, Lire, Anime",,,
26/08/2026 14:58:02,Homme,Encore Etudiant,D,Éducation de Vie et Amoureuse (EVA),Génie Civil et Architecture,"Artistique : Creer, Imaginer, S'exprimer",Critiquer,3,Oui,ISPM
26/08/2026 15:05:09,Femme,Un Professionnel,TGI,Français,"Commerce et Administration des Affaires, Finances et Comptabilité","Realiste : Manipuler, Construire, Reparer, Social : Prompt à Aider, Enseigner, Accompagner","Decoration, danse",2,Oui,Lycée Technique Ampefiloha
26/08/2026 15:11:46,Homme,Un Professionnel,C,Mathématiques ,"Informatique / Technologies de l’Information et de la Communication, Graphisme et web design","Realiste : Manipuler, Construire, Reparer, Artistique : Creer, Imaginer, S'exprimer","Nouvelles technologies, photographie, production musicale",4,Oui,CNTEMAD
26/08/2026 15:12:21,Homme,Un Professionnel,A,"Tout ce qui est logique ( et ouais, je me suis trompé de filière)","Informatique / Technologies de l’Information et de la Communication, Intelligence Artificielle","Investigateur : Comprendre, Analyser, Resoudre",Musique ,1,Oui,
26/08/2026 15:14:06,Homme,Un Professionnel,C,Mathématiques,Enseignement,"Investigateur : Comprendre, Analyser, Resoudre",Informatique,5,Oui,Ankatso
26/08/2026 15:17:55,Homme,Un Professionnel,TGI,Mathématiques financières ,Économie et Management de Projet,"Investigateur : Comprendre, Analyser, Resoudre",Échecs ,3,Non,Ist Tanà
26/08/2026 15:18:38,Homme,Encore Etudiant,D,"Mathematics, SVT, Chimie","Informatique / Technologies de l’Information et de la Communication, Électronique / Systèmes Informatiques","Realiste : Manipuler, Construire, Reparer, Investigateur : Comprendre, Analyser, Resoudre, Artistique : Creer, Imaginer, S'exprimer",Gaming,3,,ISPM
26/08/2026 15:19:39,Femme,Un Professionnel,TGI,Mathematique financière ,Commerce et Administration des Affaires,"Conventionnel : Organiser, Gerer, Structurer","Voyager, lire",3,Non,Inpf Ivato
26/08/2026 15:25:24,Homme,Encore Etudiant,S,Mathématiques ,Informatique / Technologies de l’Information et de la Communication,"Social : Prompt à Aider, Enseigner, Accompagner",Les études enligne ,3,,
26/08/2026 15:31:47,Femme,Un Professionnel,C,Math,"Informatique / Technologies de l’Information et de la Communication, Intelligence Artificielle, Électronique / Systèmes Informatiques","Realiste : Manipuler, Construire, Reparer, Entreprenant : Diriger, Convaincre, Negocier, Conventionnel : Organiser, Gerer, Structurer","musique, pétanque, lire ",4,Oui,ISPM
26/08/2026 15:36:46,Homme,Encore Etudiant,D,Mathématiques ,Électronique / Systèmes Informatiques,"Investigateur : Comprendre, Analyser, Resoudre","Jazz, Animé, Sport",,,ISPM
26/08/2026 15:39:40,Homme,Encore Etudiant,S,Mathématiques,Informatique / Technologies de l’Information et de la Communication,"Realiste : Manipuler, Construire, Reparer, Investigateur : Comprendre, Analyser, Resoudre, Entreprenant : Diriger, Convaincre, Negocier",Sports,5,,
26/08/2026 15:42:19,Homme,Encore Etudiant,D,Physique-Chimie,Informatique / Technologies de l’Information et de la Communication,"Investigateur : Comprendre, Analyser, Resoudre, Conventionnel : Organiser, Gerer, Structurer","Football, jeux vidéo, animé/manga",4,,Haute Ecole d'Informatique - HEI
26/08/2026 15:44:06,Homme,Encore Etudiant,D,Mathématiques ,Économie et Management de Projet,"Investigateur : Comprendre, Analyser, Resoudre",Jeux vidéo et le basket 🏀,4,Oui,Cntmad
26/08/2026 15:48:00,Homme,Un Professionnel,L,Anglais,"Électronique / Systèmes Informatiques, Économie et Management de Projet, Finances et Comptabilité","Conventionnel : Organiser, Gerer, Structurer","Dormir, et faire mes travaux ",4,Oui,
26/08/2026 15:51:01,Femme,Encore Etudiant,C,Mathématiques ,Informatique / Technologies de l’Information et de la Communication,"Investigateur : Comprendre, Analyser, Resoudre","Danse, lecture ",4,,ENI Fianarantsoa 
26/08/2026 16:04:27,Homme,Encore Etudiant,D,Mathématiqye,Informatique / Technologies de l’Information et de la Communication,"Realiste : Manipuler, Construire, Reparer, Artistique : Creer, Imaginer, S'exprimer, Conventionnel : Organiser, Gerer, Structurer",Arts martiaux,5,,ISPM
26/08/2026 16:05:14,Homme,Encore Etudiant,C,Physique chimie ,"Informatique / Technologies de l’Information et de la Communication, Intelligence Artificielle","Investigateur : Comprendre, Analyser, Resoudre",Jeux vidéo ,5,Oui,École 42
26/08/2026 16:05:51,Homme,Un Professionnel,A,SVT ET HISTO-GEO,"Agriculture et Élevage, Environnement","Social : Prompt à Aider, Enseigner, Accompagner","Jeux vidéos,  lecture ",5,Non,Institut Professionnel Supérieur en Agronomie et Technologie de Tombontsoa Antsirabe 
26/08/2026 16:10:59,Homme,Encore Etudiant,S,Sciences Humaines,"Intelligence Artificielle, Économie et Management de Projet, Finances et Comptabilité","Investigateur : Comprendre, Analyser, Resoudre, Entreprenant : Diriger, Convaincre, Negocier","Piano, Art Martiaux, jeux vidéo",5,Oui,INSCAE
26/08/2026 16:17:01,Homme,Un Professionnel,C,Mathématiques,Informatique / Technologies de l’Information et de la Communication,"Realiste : Manipuler, Construire, Reparer, Investigateur : Comprendre, Analyser, Resoudre, Artistique : Creer, Imaginer, S'exprimer",Jeu d'echecs ,3,Oui,
26/08/2026 16:19:38,Homme,Encore Etudiant,A,Physique-Chimie,Informatique / Technologies de l’Information et de la Communication,"Investigateur : Comprendre, Analyser, Resoudre, Artistique : Creer, Imaginer, S'exprimer","Foot-Ball
Jeux vidéo",4,Oui,
26/08/2026 16:20:08,Homme,Encore Etudiant,C,Physique chimie ,"Informatique / Technologies de l’Information et de la Communication, Électronique / Systèmes Informatiques","Realiste : Manipuler, Construire, Reparer, Investigateur : Comprendre, Analyser, Resoudre, Conventionnel : Organiser, Gerer, Structurer",Jeux vidéo ,4,,
26/08/2026 16:23:42,Homme,Encore Etudiant,D,Math,Informatique / Technologies de l’Information et de la Communication,"Investigateur : Comprendre, Analyser, Resoudre",Basket Ball,4,Oui,ITU
26/08/2026 16:23:43,Homme,Encore Etudiant,A,"Malagasy , HG",Informatique / Technologies de l’Information et de la Communication,"Realiste : Manipuler, Construire, Reparer",Jeux et open source,3,Oui,Au CNTEMAD 
26/08/2026 16:32:35,Femme,Encore Etudiant,A,Mathématiques,Industrie Agroalimentaire,"Conventionnel : Organiser, Gerer, Structurer",L'apprentissage et le gain ,3,Non,ISPM 
26/08/2026 16:32:58,Homme,Un Professionnel,D,SVT,Informatique / Technologies de l’Information et de la Communication,"Realiste : Manipuler, Construire, Reparer, Conventionnel : Organiser, Gerer, Structurer","Jeux vidéos, foot",4,Oui,ESTI
26/08/2026 16:34:59,Homme,Un Professionnel,D,physique chimie,Informatique / Technologies de l’Information et de la Communication,"Realiste : Manipuler, Construire, Reparer","musique, voyage, pêche",3,Oui,ISPM
26/08/2026 16:47:59,Homme,Encore Etudiant,D,SVT et mathématiques ,"Informatique / Technologies de l’Information et de la Communication, Intelligence Artificielle","Investigateur : Comprendre, Analyser, Resoudre, Entreprenant : Diriger, Convaincre, Negocier","Jeux vidéo, sport ,informatique ",3,Oui,IT University
26/08/2026 16:48:07,Homme,Un Professionnel,D,Math,Informatique / Technologies de l’Information et de la Communication,"Realiste : Manipuler, Construire, Reparer, Conventionnel : Organiser, Gerer, Structurer",Tout et rien,3,Oui,iSpM
26/08/2026 16:49:45,Femme,Encore Etudiant,D,Sciences de vie et de la Terre,Industrie Agroalimentaire,"Realiste : Manipuler, Construire, Reparer","Sciences, découvrir de nouvelles choses, voyager ",4,,ISPM
26/08/2026 16:55:38,Homme,Encore Etudiant,D,Mathématiques,Économie et Management de Projet,"Investigateur : Comprendre, Analyser, Resoudre","Les jeux vidéos, lire, le basket-ball ",4,Oui,"Faculté EGS, Université d'Antananarivo"
26/08/2026 17:01:33,Femme,Encore Etudiant,C,Mathématique,"Informatique / Technologies de l’Information et de la Communication, Électronique / Systèmes Informatiques, Économie et Management de Projet","Investigateur : Comprendre, Analyser, Resoudre",Info,1,Oui,ISPM
26/08/2026 17:18:13,Femme,Encore Etudiant,D,Physique chimie ,"Industries Chimiques, Minières et Pétrolières","Entreprenant : Diriger, Convaincre, Negocier",Danser,3,Non,ISPM Antsobolo
26/08/2026 17:23:25,Homme,Encore Etudiant,C,Mathématiques,Intelligence Artificielle,"Social : Prompt à Aider, Enseigner, Accompagner",le data et l'IA,3,Oui,ENI Fianarantsoa
26/08/2026 17:24:00,Femme,Encore Etudiant,D,SVT,Informatique / Technologies de l’Information et de la Communication,"Artistique : Creer, Imaginer, S'exprimer","Musique,art et sport",3,,ISPM antsobolo
26/08/2026 17:37:19,Homme,Encore Etudiant,TGI,De comprendre toujours fonctionner le système qui nous obliger à travailler et d'être resté pauvre quand même ,Informatique / Technologies de l’Information et de la Communication,"Realiste : Manipuler, Construire, Reparer, Investigateur : Comprendre, Analyser, Resoudre, Entreprenant : Diriger, Convaincre, Negocier, Conventionnel : Organiser, Gerer, Structurer","L'informatique, les langues , forum , conférence ",4,Oui,ENI Fianarantsoa 
26/08/2026 17:56:55,Femme,Un Professionnel,D,Mathématique,Santé,"Investigateur : Comprendre, Analyser, Resoudre, Social : Prompt à Aider, Enseigner, Accompagner, Entreprenant : Diriger, Convaincre, Negocier, Conventionnel : Organiser, Gerer, Structurer",Lecture,4,Oui,"Madagascae, France"
26/08/2026 18:02:56,Femme,Encore Etudiant,L,"Histoire-géographie, Philosophie, langues","Environnement, Hôtellerie, Tourisme","Social : Prompt à Aider, Enseigner, Accompagner, Conventionnel : Organiser, Gerer, Structurer","Écriture, cuisine et natation ",1,Non,Ouiii
26/08/2026 18:05:43,Femme,Un Professionnel,D,Anglais,Informatique / Technologies de l’Information et de la Communication,"Realiste : Manipuler, Construire, Reparer, Conventionnel : Organiser, Gerer, Structurer",Musique,4,Oui,IT-U
26/08/2026 18:23:14,Homme,Un Professionnel,S,Maths,"Informatique / Technologies de l’Information et de la Communication, Intelligence Artificielle","Investigateur : Comprendre, Analyser, Resoudre","Jeux vidéos, football",5,Oui,IT University 
26/08/2026 18:52:26,Homme,Encore Etudiant,S,Anglais,"Informatique / Technologies de l’Information et de la Communication, Intelligence Artificielle","Realiste : Manipuler, Construire, Reparer, Investigateur : Comprendre, Analyser, Resoudre, Social : Prompt à Aider, Enseigner, Accompagner",Jouer aux jeux,3,Oui,Institut Supérieur Polytechnique de Madagascar (ISPM)
26/08/2026 18:56:32,Homme,Encore Etudiant,D,Physique,Génie Civil et Architecture,"Realiste : Manipuler, Construire, Reparer","Musique, guitare, informatique et jeux vidéo",,,Oui
26/08/2026 19:00:31,Homme,Un Professionnel,C,physique,"Informatique / Technologies de l’Information et de la Communication, Électronique / Systèmes Informatiques","Realiste : Manipuler, Construire, Reparer, Investigateur : Comprendre, Analyser, Resoudre",manga & jeux,3,Non,IT University
26/08/2026 19:02:24,Homme,Encore Etudiant,D,Mathématiques,Informatique / Technologies de l’Information et de la Communication,"Investigateur : Comprendre, Analyser, Resoudre","Lecture, musique, ... ",4,Oui,Andranomena
26/08/2026 19:02:37,Femme,Encore Etudiant,D,SVT,Informatique / Technologies de l’Information et de la Communication,"Realiste : Manipuler, Construire, Reparer, Investigateur : Comprendre, Analyser, Resoudre",Lecture,3,Oui,ENI Fianarantsoa 
26/08/2026 19:04:06,Homme,Encore Etudiant,D,Sciences ,Finances et Comptabilité,"Social : Prompt à Aider, Enseigner, Accompagner, Conventionnel : Organiser, Gerer, Structurer",Sport,5,,Institut supérieur polytechnique de Madagascar (ISPM)
26/08/2026 19:05:50,Femme,Un Professionnel,D,SVT,Communication corporate,"Investigateur : Comprendre, Analyser, Resoudre, Conventionnel : Organiser, Gerer, Structurer",Lecture,2,Oui,CNTEMAD 
26/08/2026 19:09:52,Homme,Encore Etudiant,A,Mathématiques et physique ,Informatique / Technologies de l’Information et de la Communication,"Investigateur : Comprendre, Analyser, Resoudre",Musique ,3,Non,Esti
26/08/2026 19:11:54,Homme,Encore Etudiant,C,Mathématiques et français ,"Informatique / Technologies de l’Information et de la Communication, Intelligence Artificielle","Artistique : Creer, Imaginer, S'exprimer","Dessiner, jouer aux jeux vidéos, regarder des animés et les matchs de foot, lire des mangas.",3,,
26/08/2026 19:16:07,Homme,Encore Etudiant,TGI,Economie,Économie et Management de Projet,"Entreprenant : Diriger, Convaincre, Negocier","Lecture, voyages, musique.",4,Oui,Escame Madagascar
26/08/2026 19:17:41,Homme,Encore Etudiant,D,Philosophie,"Informatique / Technologies de l’Information et de la Communication, Intelligence Artificielle, Finances et Comptabilité","Realiste : Manipuler, Construire, Reparer, Investigateur : Comprendre, Analyser, Resoudre, Entreprenant : Diriger, Convaincre, Negocier","Sport, théâtre, musiques",3,,
26/08/2026 19:18:05,Femme,Encore Etudiant,D,"Anglais, SVT","Commerce et Administration des Affaires, Économie et Management de Projet, Communication ","Social : Prompt à Aider, Enseigner, Accompagner, Conventionnel : Organiser, Gerer, Structurer","Lecture, culture étrangère, cuisine",3,Non,"IST-T, Université d’Antananarivo"
26/08/2026 19:23:07,Homme,Encore Etudiant,TGI,Economie,Économie et Management de Projet,"Entreprenant : Diriger, Convaincre, Negocier","Lecture, voyages, musique.",4,Oui,Escame Madagascar
26/08/2026 19:24:06,Homme,Encore Etudiant,TGI,Economie,Économie et Management de Projet,"Entreprenant : Diriger, Convaincre, Negocier","Lecture, voyages, musique.",4,Oui,Escame Madagascar
26/08/2026 19:26:33,Homme,Un Professionnel,A,Histoire géographie ,Génie Industriel / Électro-Mécanique Industrielle,"Conventionnel : Organiser, Gerer, Structurer","Jeux vidéo, lire, danser.",3,,
26/08/2026 19:43:10,Homme,Encore Etudiant,S,Mathématiques,"Informatique / Technologies de l’Information et de la Communication, Intelligence Artificielle","Investigateur : Comprendre, Analyser, Resoudre","musique, religion",4,,ISPM
26/08/2026 19:45:19,Homme,Encore Etudiant,C,Mathématiques ,Informatique / Technologies de l’Information et de la Communication,"Realiste : Manipuler, Construire, Reparer, Investigateur : Comprendre, Analyser, Resoudre",Gaming,2,,ENI
26/08/2026 20:02:37,Homme,Encore Etudiant,D,"Mathématiques,Philo,Anglais",Informatique / Technologies de l’Information et de la Communication,"Social : Prompt à Aider, Enseigner, Accompagner, Conventionnel : Organiser, Gerer, Structurer",La musique ,5,,
26/08/2026 20:20:37,Homme,Encore Etudiant,C,EPS,"Informatique / Technologies de l’Information et de la Communication, Finances et Comptabilité","Realiste : Manipuler, Construire, Reparer, Conventionnel : Organiser, Gerer, Structurer","Football, natation, jeux vidéo, yoga, piano",4,Oui,Haute Ecole d'Informatique - HEI
26/08/2026 20:38:48,Femme,Encore Etudiant,D,Mathematique,Informatique / Technologies de l’Information et de la Communication,"Artistique : Creer, Imaginer, S'exprimer, Social : Prompt à Aider, Enseigner, Accompagner, Entreprenant : Diriger, Convaincre, Negocier",Livre,1,Non,Ispm
26/08/2026 21:12:35,Femme,Encore Etudiant,C,Mathématiques ,Informatique / Technologies de l’Information et de la Communication,"Conventionnel : Organiser, Gerer, Structurer",Échec ,5,Oui,ENI
26/08/2026 21:13:21,Femme,Encore Etudiant,TGI,Français ,Génie Civil et Architecture,"Artistique : Creer, Imaginer, S'exprimer",Art,2,Non,Ispm
26/08/2026 21:16:52,Homme,Encore Etudiant,C,Eps,Industrie Agroalimentaire,"Investigateur : Comprendre, Analyser, Resoudre",Le sport ,3,Oui,Ispm
26/08/2026 21:28:55,Homme,Un Professionnel,C,Philosophie,Informatique / Technologies de l’Information et de la Communication,"Realiste : Manipuler, Construire, Reparer, Investigateur : Comprendre, Analyser, Resoudre",Jeux d'échecs et lecture ,4,Oui,ITU
26/08/2026 21:41:25,Femme,Un Professionnel,A,Histo-geo et français ,Relation client francophone ,"Artistique : Creer, Imaginer, S'exprimer, Social : Prompt à Aider, Enseigner, Accompagner",La musique /sudoku/ voyager ,4,Non,Cntemad 
26/08/2026 21:46:59,Femme,Encore Etudiant,D,Physique ,Informatique / Technologies de l’Information et de la Communication,"Realiste : Manipuler, Construire, Reparer, Artistique : Creer, Imaginer, S'exprimer","Cinéma, hiking, travel ",2,Non,ISPM
26/08/2026 22:01:26,Homme,Encore Etudiant,D,Mathématique,Informatique / Technologies de l’Information et de la Communication,"Realiste : Manipuler, Construire, Reparer, Investigateur : Comprendre, Analyser, Resoudre, Artistique : Creer, Imaginer, S'exprimer, Social : Prompt à Aider, Enseigner, Accompagner, Entreprenant : Diriger, Convaincre, Negocier, Conventionnel : Organiser, Gerer, Structurer",Jeux video,1,Oui,Fianarantsoa 
26/08/2026 22:56:42,Homme,Un Professionnel,A,Anglais,"Informatique / Technologies de l’Information et de la Communication, Intelligence Artificielle","Entreprenant : Diriger, Convaincre, Negocier",Internet,1,Non,UAZ
26/08/2026 23:08:57,Homme,Encore Etudiant,C,Eps,Informatique / Technologies de l’Information et de la Communication,"Investigateur : Comprendre, Analyser, Resoudre",Rien,4,,Ispm
26/08/2026 23:49:19,Homme,Un Professionnel,A,Je ne sais pas,Intelligence Artificielle,"Realiste : Manipuler, Construire, Reparer",Hahaha Gagner de l'argent et voyager,3,Oui,
26/08/2026 23:56:56,Homme,Encore Etudiant,S,Math,Génie Civil et Architecture,"Investigateur : Comprendre, Analyser, Resoudre","Lire, dessiner, jouer à des jeux ",4,Oui,IST_T Ampasapito 
27/08/2026 00:22:27,Homme,Encore Etudiant,S,SVT,Finances et Comptabilité,"Conventionnel : Organiser, Gerer, Structurer","Film, Manga, Anime, Novel",2,,Ankatso 
27/08/2026 00:48:49,Homme,Encore Etudiant,D,Physique-Chimie,aéronautique,"Investigateur : Comprendre, Analyser, Resoudre","Les jeux , la resolution de probleme",5,Oui,IT University
27/08/2026 05:19:38,Homme,Encore Etudiant,D,Mathématiques,"Intelligence Artificielle, Électronique / Systèmes Informatiques","Investigateur : Comprendre, Analyser, Resoudre",La tech,2,,
27/08/2026 08:00:40,Homme,Encore Etudiant,D,Science,Informatique / Technologies de l’Information et de la Communication,"Investigateur : Comprendre, Analyser, Resoudre","Informatique
",4,,
27/08/2026 08:00:47,Homme,Encore Etudiant,D,Mathématiques ,Informatique / Technologies de l’Information et de la Communication,"Investigateur : Comprendre, Analyser, Resoudre","Jeux, film, codé",4,,ENI
27/08/2026 08:00:58,Homme,Encore Etudiant,S,Maths,"Informatique / Technologies de l’Information et de la Communication, Intelligence Artificielle, Électronique / Systèmes Informatiques","Realiste : Manipuler, Construire, Reparer",Video Games,2,Oui,
27/08/2026 08:36:26,Femme,Un Professionnel,D,rien,Informatique / Technologies de l’Information et de la Communication,"Realiste : Manipuler, Construire, Reparer",lecture,,Oui,ISPM
27/08/2026 08:36:40,Homme,Encore Etudiant,A,Philosophie ,Informatique / Technologies de l’Information et de la Communication,"Realiste : Manipuler, Construire, Reparer","Jeu, Lecture, basket",4,Oui,EMIT
27/08/2026 08:59:37,Homme,Un Professionnel,C,Physique ,"Informatique / Technologies de l’Information et de la Communication, Intelligence Artificielle, Électronique / Systèmes Informatiques","Realiste : Manipuler, Construire, Reparer, Investigateur : Comprendre, Analyser, Resoudre","Échec, sport de combat ",4,Oui,Université côte d'azur France 